{"cameraMode":{"drawMode":0,"name":"Shaded","section":"Shading Mode"},"sceneLighting":true,"audioPlay":false,"sceneViewState":{"showFog":false,"showMaterialUpdate":false,"showSkybox":false,"showFlares":false,"showImageEffects":false,"showParticleSystems":false},"in2DMode":false,"pivot":{"x":12.204771995544434,"y":6.595819473266602,"z":-27.690387725830079},"rotation":{"x":-0.009464258328080178,"y":0.9866751432418823,"z":0.06224292516708374,"w":0.1500280350446701},"size":48.61433410644531,"orthographic":false}